{"cameraMode":{"drawMode":0,"name":"Shaded","section":"Shading Mode"},"sceneLighting":true,"audioPlay":false,"sceneViewState":{"m_AlwaysRefresh":false,"showFog":true,"showSkybox":true,"showFlares":true,"showImageEffects":true,"showParticleSystems":true,"showVisualEffectGraphs":true,"m_FxEnabled":true},"in2DMode":false,"pivot":{"x":110.59449768066406,"y":-444.9830627441406,"z":466.36041259765627},"rotation":{"x":0.3659915626049042,"y":0.1253795027732849,"z":-0.049790434539318088,"w":0.9208287000656128},"size":352.0393371582031,"orthographic":false}