{"cameraMode":{"drawMode":0,"name":"Shaded","section":"Shading Mode"},"sceneLighting":true,"audioPlay":false,"sceneViewState":{"m_AlwaysRefresh":false,"showFog":true,"showSkybox":true,"showFlares":true,"showImageEffects":true,"showParticleSystems":true,"showVisualEffectGraphs":true,"m_FxEnabled":true},"in2DMode":false,"pivot":{"x":15.882509231567383,"y":-113.92259216308594,"z":-193.42477416992188},"rotation":{"x":-0.00497246440500021,"y":0.9594392776489258,"z":-0.28141555190086367,"w":-0.01698465831577778},"size":128.5431365966797,"orthographic":false}