{"cameraMode":{"drawMode":0,"name":"Shaded","section":"Shading Mode"},"sceneLighting":true,"audioPlay":false,"sceneViewState":{"m_AlwaysRefresh":false,"showFog":true,"showSkybox":true,"showFlares":true,"showImageEffects":true,"showParticleSystems":true,"showVisualEffectGraphs":true,"m_FxEnabled":true},"in2DMode":false,"pivot":{"x":-11.249282836914063,"y":-0.12089157104492188,"z":-2.7454652786254885},"rotation":{"x":0.030116667971014978,"y":-0.9558536410331726,"z":0.2725967466831207,"w":0.10567756742238999},"size":16.127206802368165,"orthographic":false}