{"cameraMode":{"drawMode":0,"name":"Shaded","section":"Shading Mode"},"sceneLighting":true,"audioPlay":false,"sceneViewState":{"m_AlwaysRefresh":false,"showFog":true,"showSkybox":true,"showFlares":true,"showImageEffects":true,"showParticleSystems":true,"showVisualEffectGraphs":true,"m_FxEnabled":true},"in2DMode":false,"pivot":{"x":-1.2712006568908692,"y":4.200023651123047,"z":-5.241794586181641},"rotation":{"x":0.008074880577623845,"y":-0.9795927405357361,"z":0.19685080647468568,"w":0.04029348865151405},"size":15.511945724487305,"orthographic":false}